roles, max
2, 0.4240731795676836
3, 0.5314877430262042
4, 0.5931650766815605
5, 0.6169242845067018
6, 0.6379664291752205
7, 0.6666767298635428
8, 0.6833413838908349

